rouge_1,rouge_2,rouge_L,bleu
0.33763928796625214,0.22160514396114675,0.2872755491988005,0.13856766387525546
