rouge_1,rouge_2,rouge_L,bleu
0.0024915678065928946,0.0007128389154704944,0.002446113261138349,0.00022149628570093148
